上位のクエリ,クリック数,表示回数,CTR,掲載順位
黒澤工務店,426,812,52.46%,1.11
注文住宅,27,2988,0.9%,23.05
黒沢工務店,23,123,18.7%,4.13
黒澤工務店 坪単価,19,176,10.8%,7.93
株式会社黒澤工務店,19,95,20%,1.12
黒澤工務店 埼玉,15,30,50%,1
埼玉 注文住宅,14,872,1.61%,6.82
黒澤工務店 標準仕様,13,21,61.9%,1.24
黒澤工務店 スタッフ,9,22,40.91%,1.09
黒澤工務店 値段,8,19,42.11%,2.89
黒澤工務店 さいたま市,8,14,57.14%,1
注文住宅 埼玉,7,620,1.13%,3.65
さいたま市 注文住宅,7,580,1.21%,7.83
草加市 注文住宅,5,143,3.5%,6.94
黒沢工務店 埼玉,5,8,62.5%,1
工務店,4,404,0.99%,10.45
嵐山渓谷 写真,4,353,1.13%,10.39
戸田市 注文住宅,4,151,2.65%,8.4
埼玉県 注文住宅,4,125,3.2%,6.85
松戸 工務店,4,42,9.52%,4.95
八千代市 工務店,3,248,1.21%,6.94
所沢市 注文住宅,3,198,1.52%,8.91
リフォーム さいたま市,3,134,2.24%,9.09
注文住宅 ブログ,3,120,2.5%,7.92
浦和 工務店,3,65,4.62%,9.97
工務店 ブログ,3,62,4.84%,12.13
松戸 注文住宅,3,57,5.26%,4.56
工務店 資料請求,3,29,10.34%,14.14
床暖房 デメリット,2,977,0.2%,10.48
さいたま市 工務店,2,587,0.34%,10.22
埼玉 工務店,2,453,0.44%,10.39
川口市 注文住宅,2,444,0.45%,7.67
埼玉県 工務店,2,272,0.74%,9.44
土地 探し方,2,270,0.74%,16.33
野田市 注文住宅,2,123,1.63%,4.35
工務店 さいたま市,2,98,2.04%,9.45
浦和 注文住宅,2,62,3.23%,12.37
さいたま市 リフォーム会社,2,60,3.33%,9.38
注文住宅 さいたま市,2,59,3.39%,4.39
注文住宅 土地探し コツ,2,56,3.57%,13.2
戸田市 工務店,2,53,3.77%,14.08
大宮 注文住宅,2,50,4%,11.34
蕨市 工務店,2,39,5.13%,15.21
朝霞市 工務店,2,38,5.26%,10.71
埼玉 風 強い なぜ,2,31,6.45%,7.39
上尾 工務店,2,26,7.69%,15.54
和風 工務店,2,20,10%,6.05
デッラカーサ,2,17,11.76%,1.65
浦和住宅展示場,2,10,20%,12.7
黒澤工務店 浦和,2,2,100%,1
注文住宅 埼玉県,1,269,0.37%,4.06
柏市 注文住宅,1,265,0.38%,11.77
注文住宅 土地探し,1,247,0.4%,25.58
注文住宅 工務店,1,223,0.45%,19.67
上尾市 注文住宅,1,215,0.47%,10.91
川越市 注文住宅,1,185,0.54%,12.04
新座市 注文住宅,1,184,0.54%,4.44
久喜市 注文住宅,1,160,0.62%,11.93
入間市 注文住宅,1,159,0.63%,8.66
狭山市 注文住宅,1,159,0.63%,13.96
埼玉 ハウスメーカー,1,155,0.65%,16.34
富士見市 注文住宅,1,136,0.74%,4.93
坂戸市 注文住宅,1,127,0.79%,14.89
さいたま市 リフォーム 工務店,1,126,0.79%,15.19
さいたま 注文住宅,1,115,0.87%,10.76
埼玉 注文住宅 工務店,1,114,0.88%,37.3
春日部市 注文住宅,1,112,0.89%,17.26
西東京市 注文住宅,1,110,0.91%,9.75
松戸市 注文住宅,1,108,0.93%,4.33
和光市 注文住宅,1,107,0.93%,3.31
東久留米市 注文住宅,1,104,0.96%,5.71
さいたま市 リノベーション,1,101,0.99%,6.14
工務店 注文住宅,1,98,1.02%,23.79
さいたま市 家づくり,1,95,1.05%,3.48
大宮 工務店,1,90,1.11%,14.99
モデルハウス,1,89,1.12%,5.51
注文住宅 戸田市,1,67,1.49%,10.21
さいたま市リフォーム会社,1,64,1.56%,9.17
川口 注文住宅,1,60,1.67%,13.1
所沢 注文住宅,1,59,1.69%,14.08
土地の探し方,1,58,1.72%,7.79
プリマ アパート,1,52,1.92%,7.56
ケバラ,1,51,1.96%,7.18
北本 注文住宅,1,47,2.13%,13.09
上尾市 工務店,1,47,2.13%,16.77
注文住宅 草加市,1,46,2.17%,4.43
松戸市 工務店,1,44,2.27%,9.7
上尾市 ハウスメーカー,1,44,2.27%,11.77
新築 施工事例,1,43,2.33%,13.14
飯能 工務店,1,43,2.33%,13.14
さいたま市工務店,1,42,2.38%,5.38
朝霞 注文住宅,1,41,2.44%,7.73
黒澤工務店 価格,1,40,2.5%,10.9
戸田 注文住宅,1,40,2.5%,15.38
土地探し 方法,1,40,2.5%,24.93
上尾 注文住宅,1,39,2.56%,2.87
土地を探す方法,1,39,2.56%,12.51
東久留米 工務店,1,38,2.63%,9.24
岩槻 注文住宅,1,37,2.7%,12.65
川越市 工務店,1,35,2.86%,18.26
土地探し どうやって,1,34,2.94%,20.65
東大和市 工務店,1,33,3.03%,8.61
鴻巣市 ハウスメーカー,1,33,3.03%,15
注文住宅 柏,1,31,3.23%,12.87
久留米市 注文住宅,1,31,3.23%,29.39
さいたま市 二世帯住宅,1,29,3.45%,6.21
埼玉県 二世帯住宅 新築,1,29,3.45%,6.97
志木市 工務店,1,28,3.57%,16.75
松戸市 ハウスメーカー,1,27,3.7%,11.04
浦和区 工務店,1,27,3.7%,13.93
所沢市 ハウスメーカー,1,26,3.85%,12.85
松戸 ハウスメーカー,1,26,3.85%,15.46
北本 工務店,1,26,3.85%,20.38
行田 工務店,1,24,4.17%,10.62
注文住宅 浦和,1,22,4.55%,7.05
さいたま市 土地探し,1,21,4.76%,13.19
モノクロ 夜景,1,19,5.26%,2.11
埼玉県 気候 特徴,1,19,5.26%,5.37
草加 工務店,1,18,5.56%,18.28
土地 どうやって探す,1,17,5.88%,7.71
工務店 八千代市,1,17,5.88%,11.35
大宮区 工務店,1,17,5.88%,16.59
さいたま市西区 工務店,1,16,6.25%,14.38
和モダン 工務店,1,16,6.25%,21.19
黒澤工務店 社長,1,15,6.67%,1.47
志木市 ハウスメーカー,1,15,6.67%,19.4
東松山 工務店,1,15,6.67%,28.67
プリマ 賃貸,1,14,7.14%,6.36
春日部市 工務店,1,14,7.14%,19.07
工務店 春日部,1,14,7.14%,22
八潮 工務店,1,14,7.14%,25.79
セミオーダー住宅 埼玉,1,13,7.69%,38.77
住宅 土地 探し方,1,12,8.33%,5.67
リノベーション 工務店 おしゃれ,1,12,8.33%,6.75
注文住宅 土地 探し方,1,8,12.5%,6.5
土地はどうやって探す,1,7,14.29%,7.71
自然界隈 意味,1,7,14.29%,8
選んではいけない土地,1,7,14.29%,9.57
新築 工務店,1,7,14.29%,11.29
リフォーム工務店,1,6,16.67%,15.83
加須市 モデルハウス,1,6,16.67%,19.33
工務店 イベント,1,3,33.33%,5.33
邸宅 和風,1,3,33.33%,7.33
埼玉 工務店 リノベーション,1,1,100%,1
工務店 リノベーション,1,1,100%,2
大宮北展示場,1,1,100%,53
自然界隈,0,1187,0%,1.01
自然界隈とは,0,826,0%,6.69
さいたま市 リフォーム,0,380,0%,10.23
工務店 埼玉,0,278,0%,10.77
黒澤,0,276,0%,7.24
八千代市 注文住宅,0,190,0%,9.63
桶川市 注文住宅,0,188,0%,6.04
北本市 注文住宅,0,186,0%,4.42
蓮田市 注文住宅,0,184,0%,18.54
工務店 埼玉県,0,161,0%,9.86
朝霞市 注文住宅,0,157,0%,5.65
戸田市 増築,0,154,0%,59.44
さいたま市 ハウスメーカー,0,153,0%,9.88
建て替え モデルハウス,0,151,0%,8.9
埼玉 家づくり,0,135,0%,9.91
住宅展示場,0,135,0%,11.64
床暖房 メリット,0,128,0%,9.46
蕨市 注文住宅,0,127,0%,11.09
東大和市 注文住宅,0,124,0%,9.32
注文住宅 松戸市,0,123,0%,4.79
志木市 注文住宅,0,122,0%,11.22
飯能市 注文住宅,0,120,0%,9.95
注文住宅 草加,0,119,0%,3.31
久留米 注文住宅,0,118,0%,51.55
ハウスメーカー 埼玉,0,117,0%,13.88
清瀬市 注文住宅,0,116,0%,7.62
埼玉 注文 住宅,0,114,0%,5.81
さいたま市 住宅展示場,0,113,0%,20.24
鶴ヶ島市 注文住宅,0,112,0%,15.71
さいたま市 モデルハウス,0,108,0%,7.81
埼玉県 リノベーション,0,107,0%,68.88
注文住宅 西東京,0,106,0%,9.07
注文住宅 耐震,0,104,0%,16.42
住宅展示場 埼玉,0,103,0%,38.18
加須市 注文住宅,0,101,0%,7.97
鴻巣市 注文住宅,0,100,0%,6.52
子育てエコホーム支援事業,0,98,0%,26.52
工務店 松戸,0,94,0%,10.32
日高市 注文住宅,0,94,0%,11.16
注文住宅 和風,0,94,0%,31.62
幸手市 注文住宅,0,93,0%,12.41
蓮田市 工務店,0,90,0%,27.44
行田市 注文住宅,0,89,0%,11.19
注文住宅 松戸,0,87,0%,4.64
八千代市 住宅展示場,0,87,0%,14.33
zeh 工務店,0,87,0%,25.51
八千代市 工務 店,0,86,0%,6.92
柏 注文住宅,0,86,0%,13.24
注文住宅 川口,0,84,0%,7.01
川越 工務店,0,84,0%,26.74
八千代市 家 を 建てる,0,83,0%,7.36
東松山市 注文住宅,0,83,0%,14.92
埼玉 注文住宅 おしゃれ,0,83,0%,20.23
さいたま市 注文住宅 気密,0,82,0%,4.61
八千代市 注文 住宅,0,82,0%,8.91
デザイン住宅 埼玉,0,82,0%,23.57
注文住宅 上尾市,0,81,0%,2.99
住宅展示場 浦和,0,79,0%,19.18
朝霞市 増築,0,79,0%,76.67
八千代市 家づくり,0,78,0%,6.05
さいたま市 住宅会社,0,78,0%,8.44
ふじみ野市 注文住宅,0,78,0%,13.15
久留米 工務店,0,78,0%,37.19
さいたま市 家づくり 流れ,0,77,0%,2.22
八千代市 注文 住宅 おしゃれ,0,77,0%,4.4
埼玉 工務店 耐震等級3,0,77,0%,8.12
住宅展示場 野田市,0,77,0%,18.27
中央区 注文住宅,0,77,0%,19.43
さいたま市 注文住宅 相談,0,76,0%,7.5
さいたま市 モデルハウス 見学,0,75,0%,6.05
八千代市 注文住宅 相談,0,75,0%,8.17
柏市 注文 住宅 おしゃれ,0,74,0%,3.77
八千代市 注文住宅 流れ,0,74,0%,9.7
柏市 注文 住宅,0,74,0%,10.35
さいたま市 注文住宅 断熱,0,73,0%,3.01
リフォーム,0,73,0%,11.84
久喜市 工務店,0,73,0%,17.25
八千代市 家 おしゃれ,0,72,0%,6.72
さいたま市 平屋 おしゃれ,0,72,0%,7.67
埼玉 工務店 高気密高断熱,0,72,0%,8.78
建て替え 工務店,0,72,0%,30.12
さいたま市 気候,0,71,0%,4.08
八千代市 家づくり 流れ,0,71,0%,9.46
狭山 注文住宅,0,71,0%,15.08
川越 注文住宅,0,71,0%,20.85
埼玉 高気密高断熱,0,70,0%,22.11
七尾市 注文住宅,0,70,0%,55.54
越谷市 注文住宅,0,69,0%,48.48
さいたま市 注文住宅 流れ,0,68,0%,2.24
戸田市 リノベーション,0,68,0%,89.13
八千代市 モデルハウス,0,67,0%,17.37
住宅展示場 和光市,0,67,0%,24.93
柏市 家 を 建てる,0,66,0%,13.32
八千代市 モデル ハウス,0,66,0%,16.2
埼玉 注文住宅 工務店 デザイン,0,66,0%,32.83
八千代市 住宅 展示 場,0,65,0%,13.22
埼玉 注文住宅 デザイン性,0,64,0%,37.64
八千代市 住宅会社,0,63,0%,13.65
工務店 川口,0,63,0%,16.97
注文住宅 川口市,0,62,0%,5.77
全館空調 工務店,0,62,0%,29.53
株式会社黒澤建設,0,62,0%,35.61
川口市 工務店,0,61,0%,9.67
東村山市 注文住宅,0,61,0%,18
伊奈町 注文住宅,0,60,0%,5.25
浦和区 ハウスメーカー,0,60,0%,19.83
富士見市 増築,0,60,0%,76.8
リノベーション 工務店,0,59,0%,40.02
注文住宅 桶川市,0,58,0%,4.09
注文住宅 東大和市,0,58,0%,6.33
黒澤工務店 口コミ,0,58,0%,15.98
リフォーム 埼玉,0,58,0%,31.33
注文 住宅,0,57,0%,18.05
注文住宅 鴻巣市,0,56,0%,7.21
注文住宅 朝霞市,0,56,0%,10.39
注文住宅 所沢,0,56,0%,10.91
埼玉 注文住宅 デザイン性 相談,0,55,0%,30.36
吉川市 注文住宅,0,55,0%,37.53
家を建てる 工務店,0,55,0%,40.22
注文住宅 新座市,0,54,0%,2
注文住宅 加須市,0,54,0%,5.5
ご体感ください,0,54,0%,7.63
注文住宅 所沢市,0,54,0%,8.57
蕨 注文住宅,0,54,0%,15.06
埼玉 注文住宅 デザイン性 流れ,0,54,0%,32.59
春日部 注文住宅,0,53,0%,21.13
埼玉 注文住宅 平屋,0,53,0%,23.62
埼玉県東松山市 注文住宅,0,53,0%,37.96
久喜 注文住宅,0,52,0%,11.9
八千代市 ハウスメーカー,0,52,0%,18.96
住宅 間取り 雑誌,0,52,0%,29.04
緑区 注文住宅,0,52,0%,37.42
注文住宅 和光市,0,50,0%,2.22
注文住宅 東久留米市,0,50,0%,4.48
注文住宅 志木市,0,50,0%,8.54
さいたま市 平屋 外観,0,50,0%,11.4
さいたま市南区 工務店,0,50,0%,16.24
新座 注文住宅,0,49,0%,15.12
注文住宅 富士見市,0,48,0%,3.62
注文住宅 入間市,0,48,0%,5.9
注文住宅 野田市,0,48,0%,10.1
埼玉 戸建て 新築 土地選び,0,48,0%,16.77
間取り 雑誌,0,48,0%,32.02
さいたま市 長期優良住宅,0,47,0%,5.85
埼玉 高気密高断熱住宅,0,47,0%,8.02
注文住宅ブログ,0,47,0%,9.62
さいたま市リフォーム,0,47,0%,12.28
坂戸 注文住宅,0,47,0%,13.89
埼玉 注文住宅 工務店 保証,0,47,0%,56.66
埼玉 家を建てる,0,46,0%,11.93
桶川市 工務店,0,46,0%,15.15
北区 注文住宅,0,46,0%,26.43
蓄熱式床暖房,0,45,0%,1.67
床暖房,0,45,0%,29.04
床暖房デメリット,0,44,0%,10.32
注文住宅 西東京市,0,44,0%,11.23
さいたま市 新築 平屋,0,44,0%,23
戸建て 内装工事 さいたま市,0,44,0%,49.16
リノベーション さいたま市,0,43,0%,5.95
新座市 ハウスメーカー,0,43,0%,8.47
注文住宅 行田市,0,43,0%,8.88
埼玉ハウスメーカー,0,43,0%,19.14
住宅雑誌,0,42,0%,3.83
北本市 工務店,0,42,0%,11.14
鶴ヶ島 注文住宅,0,42,0%,21.43
埼玉 工務店 リフォーム対応 タイミング,0,42,0%,30.05
飯能 注文住宅,0,41,0%,23.07
注文住宅 埼玉 施工例,0,40,0%,10.22
加須市 工務店,0,40,0%,10.45
注文住宅 八千代市,0,40,0%,10.7
マンションリフォーム さいたま市,0,40,0%,11
朝霞 工務店,0,40,0%,15.88
住宅展示場 蕨,0,40,0%,23.43
さいたま市 求人 工務店,0,40,0%,67.65
注文住宅 北本市,0,39,0%,3.87
注文住宅 土地探し 埼玉,0,39,0%,6.64
飯能市 工務店,0,39,0%,11.41
坂戸 工務店,0,39,0%,21.85
埼玉 工務店 リフォーム対応,0,39,0%,22.46
注文住宅 清瀬市,0,38,0%,7.13
草加 注文住宅,0,38,0%,7.84
工務店 施工事例,0,38,0%,8.16
川口市工務店,0,38,0%,9.58
入間 注文住宅,0,38,0%,14.11
埼玉 注文住宅 平屋 間取り,0,38,0%,26.32
住宅展示場 草加,0,38,0%,45.32
入間市 工務店,0,37,0%,6
床暖 デメリット,0,37,0%,7.81
さいたま市北区 注文住宅,0,36,0%,10.14
東久留米市 住宅展示場,0,36,0%,11
草加市 ハウスメーカー,0,36,0%,16.11
土地探し 始め方,0,36,0%,16.61
埼玉 住宅会社,0,36,0%,19.06
家 間取り 雑誌,0,36,0%,29.17
上尾市工務店,0,35,0%,6.63
野田市工務店,0,35,0%,10.49
野田市 工務店,0,35,0%,10.77
東久留米市 工務店,0,35,0%,11.31
ふじみ野 注文住宅,0,35,0%,12.14
桶川 注文住宅,0,35,0%,12.37
桶川 工務店,0,35,0%,15.69
工務 店 注文 住宅,0,35,0%,24
和光市 住宅展示場,0,35,0%,25.03
株式 会社 黒澤 工務 店,0,34,0%,1
戸建て 八千代市 注文住宅,0,34,0%,6.18
子育てグリーン住宅支援事業 埼玉,0,34,0%,10.12
さいたま リフォーム,0,34,0%,12.62
埼玉 注文住宅 おしゃれ 空間設計,0,34,0%,12.76
ハウスメーカー 松戸,0,34,0%,12.85
加須 工務店,0,34,0%,18.68
八潮市 注文住宅,0,34,0%,28.44
埼玉 工務店 リフォーム対応 選び方,0,34,0%,32.47
住宅展示場 西東京,0,34,0%,59.35
買ってはいけない土地,0,33,0%,7.88
工務店 入間,0,33,0%,10.97
ハウスメーカー埼玉,0,33,0%,11.24
大宮 ハウスメーカー,0,33,0%,12.45
さいたま市 注文住宅 相場,0,33,0%,19.39
志木市 住宅展示場,0,33,0%,26.39
土地探し やり方,0,33,0%,27.97
住宅展示場 戸田市,0,33,0%,30.3
戸建て 草加市 注文住宅,0,32,0%,3.03
戸建て 松戸市 注文住宅,0,32,0%,3.69
鴻巣 注文住宅,0,32,0%,12.84
富士見市 工務店,0,32,0%,13.12
住宅展示場 桶川市,0,32,0%,20.66
モデルハウス 埼玉,0,32,0%,26
蕨市 ハウスメーカー,0,32,0%,26.91
モデルルーム 埼玉,0,32,0%,31.97
注文住宅 土地探し 工務店,0,32,0%,37.59
越谷市 工務店,0,32,0%,42.88
住宅展示場 武蔵浦和,0,32,0%,51
戸建て 東大和市 注文住宅,0,31,0%,3.48
戸建て さいたま市見沼区 注文住宅,0,31,0%,4.1
戸建て 川口市 注文住宅,0,31,0%,4.94
埼玉 工務店 戸建,0,31,0%,5.42
戸建て 西東京市 注文住宅,0,31,0%,5.71
工務店 さいたま,0,31,0%,8.74
注文住宅 雑誌,0,31,0%,9.9
蕨 住宅展示場,0,31,0%,13
和光市 ハウスメーカー,0,31,0%,16.29
岩槻区 注文住宅,0,31,0%,19.87
埼玉 工務店 おしゃれ,0,31,0%,22
住宅展示場 富士見市,0,31,0%,24.35
モデルハウス さいたま市,0,31,0%,24.68
埼玉 工務店 リフォーム対応 整理,0,31,0%,31.35
埼玉 リフォーム,0,31,0%,37.16
屋上 ハウスメーカー,0,31,0%,40.32
ハウスメーカー 埼玉 おすすめ,0,31,0%,43.84
住宅展示場 大宮北,0,31,0%,48.52
注文住宅 飯能市,0,30,0%,4.87
埼玉県 工務店 新築,0,30,0%,6.47
広い土地 探し方,0,30,0%,7
和光市工務店,0,30,0%,7.13
清瀬 注文住宅,0,30,0%,13.5
川口市 ハウスメーカー,0,30,0%,17.63
住宅展示場 八千代市,0,30,0%,24.23
住宅展示場 入間市,0,30,0%,26.9
工務店 和光,0,30,0%,26.9
住宅展示場 大宮,0,30,0%,60.43
住宅 工務 店,0,30,0%,82.27
パーフォレーション フィルム,0,29,0%,1.24
戸建て 上尾市 注文住宅,0,29,0%,2.72
戸建て 東久留米市 注文住宅,0,29,0%,4.34
注文住宅 蕨市,0,29,0%,4.41
注文住宅 土地探しから,0,29,0%,4.45
戸建て 所沢市 注文住宅,0,29,0%,4.48
埼玉 工務店 吹き抜け,0,29,0%,4.59
戸建て 清瀬市 注文住宅,0,29,0%,6.03
野田 注文住宅,0,29,0%,11.55
さいたま市北区 工務店,0,29,0%,12.21
志木 注文住宅,0,29,0%,13.28
狭山市 工務店,0,29,0%,15.31
和光市 モデルハウス,0,29,0%,16.52
黒澤工務店 評判,0,29,0%,19.41
土地探し 進め方,0,29,0%,19.48
住宅 土地探し,0,29,0%,22.31
注文住宅 探し方,0,29,0%,47.03
注文住宅 行田,0,28,0%,9.79
戸建て 川越市 注文住宅,0,28,0%,12.36
清瀬市 工務店,0,28,0%,12.54
東久留米 注文住宅,0,28,0%,13.43
行田市 工務店,0,28,0%,15.25
工務店 飯能市,0,28,0%,15.64
リビング リフォーム業者 埼玉,0,28,0%,30.5
リノベーション 埼玉県,0,28,0%,35.57
こんな 土地 は 買う な,0,28,0%,75.82
住宅 工務店 埼玉県富士見市,0,27,0%,8.96
所沢 工務店 ローコスト住宅,0,27,0%,8.96
西東京 注文住宅,0,27,0%,11.07
狭山市工務店,0,27,0%,12.07
野田市 ハウスメーカー,0,27,0%,13.37
新座市工務店,0,27,0%,13.81
草加市工務店,0,27,0%,13.89
桶川市 住宅展示場,0,27,0%,15.52
東大和 工務店,0,27,0%,15.67
西東京市 工務店,0,27,0%,17.19
モデルハウス 鴻巣市,0,27,0%,21.78
川越 工務店 注文住宅 プロセス,0,27,0%,22.37
リノベーション業者 埼玉,0,27,0%,28.33
リビング リフォーム 埼玉,0,27,0%,28.78
注文住宅 オシャレ 工務店,0,27,0%,37.81
リフォーム 工務店,0,27,0%,39.33
ハウスメーカー おすすめ 埼玉,0,27,0%,44.19
ハウスメーカー 和風,0,27,0%,45.93
自然界隈 読み方,0,26,0%,3.19
柏市 工務店 間取り,0,26,0%,5.23
見沼区 注文住宅,0,26,0%,10.35
注文住宅 八千代,0,26,0%,11.31
注文住宅 柏市,0,26,0%,11.31
入間市 ハウスメーカー,0,26,0%,12.08
さいたま ハウスメーカー,0,26,0%,12.77
富士見市 ハウスメーカー,0,26,0%,13.96
春日部市工務店,0,26,0%,14.42
西東京市工務店,0,26,0%,15.08
久喜市工務店,0,26,0%,15.81
住宅展示場 東大和市,0,26,0%,17.35
注文住宅 蓮田,0,26,0%,18.46
見沼区 住宅展示場,0,26,0%,24
注文住宅 北区,0,26,0%,32.23
富士見市 住宅展示場,0,26,0%,32.42
埼玉 リノベーション,0,26,0%,52.27
埼玉 注文住宅 おしゃれ デザイン,0,26,0%,54.85
注文住宅 緑区,0,26,0%,64.08
シンデレラフィット 由来,0,25,0%,3.08
住宅リフォーム さいたま市,0,25,0%,6.2
プリマアパート,0,25,0%,6.88
さいたま市北区 ハウスメーカー,0,25,0%,8.56
加須 注文住宅,0,25,0%,8.64
ハウスメーカー さいたま市,0,25,0%,11.04
埼玉 注文住宅 平屋 特徴,0,25,0%,11.48
浦和住宅公園,0,25,0%,11.52
蓮田市 住宅展示場,0,25,0%,12.12
ハウスメーカー 大宮,0,25,0%,13.72
ハウスメーカー 狭山市,0,25,0%,14.36
川越市工務店,0,25,0%,15
工務店 野田市,0,25,0%,18.96
狭山市 ハウスメーカー,0,25,0%,19.32
東村山 注文住宅,0,25,0%,21.64
屋上 ハウスメーカー おすすめ,0,25,0%,44.32
工務店 line＠,0,25,0%,80.96
潜熱蓄熱材 デメリット,0,24,0%,2.62
土地探し 相談,0,24,0%,3.71
上野動物園 猛禽類,0,24,0%,4.46
浦和区 注文住宅,0,24,0%,6.12
黒澤亜希,0,24,0%,6.12
さいたま市 長期優良,0,24,0%,8
自然界隈 とは,0,24,0%,8.12
家を建てる 埼玉,0,24,0%,8.96
さいたま 工務店,0,24,0%,9.25
工務店 朝霞市,0,24,0%,9.33
注文住宅 ふじみ野市,0,24,0%,12.38
川越 工務店 注文住宅,0,24,0%,13.46
さいたま市緑区 工務店,0,24,0%,15.5
さいたま市大宮区 ハウスメーカー,0,24,0%,16.83
さいたま市見沼区 ハウスメーカー,0,24,0%,18.17
住宅展示場 さいたま市,0,24,0%,22.75
飯能市 住宅展示場,0,24,0%,24.88
自然界隈とは 読み方,0,23,0%,3.74
注文住宅 さいたま,0,23,0%,5.52
八村塁 いじめ,0,23,0%,6.87
埼玉 戸建て 平屋 メリット,0,23,0%,8.96
和光市 工務店,0,23,0%,9.09
鴻巣市 工務店,0,23,0%,10.3
注文住宅 大宮,0,23,0%,11.57
屋上リビング,0,23,0%,11.78
埼玉 評判の良い 工務店,0,23,0%,12.78
二世帯住宅 さいたま市,0,23,0%,13.22
埼玉 注文住宅 平屋 家事動線,0,23,0%,14.13
清瀬市 住宅展示場,0,23,0%,14.91
さいたま市 工務店 ランキング,0,23,0%,16.17
工務店 モデルハウス,0,23,0%,16.91
鴻巣 工務店,0,23,0%,17
桶川市 ハウスメーカー,0,23,0%,17.13
加須市 ハウスメーカー,0,23,0%,17.48
蕨市 住宅展示場,0,23,0%,20.83
岩槻区 住宅展示場,0,23,0%,27.17
注文住宅 ランキング 埼玉,0,23,0%,37.39
埼玉 戸建て おしゃれ,0,23,0%,75.83
浦和 内見,0,22,0%,1
注文住宅 上尾,0,22,0%,5.68
工務店 床暖房,0,22,0%,7
工務店 和光市,0,22,0%,7.68
注文住宅 鴻巣,0,22,0%,9
戸建て 柏市 注文住宅,0,22,0%,9.18
近くの工務店,0,22,0%,10.27
さいたま市見沼区 注文住宅,0,22,0%,11.18
さいたま市見沼区 工務店,0,22,0%,12.5
入間 工務店,0,22,0%,15.27
注文住宅 坂戸市,0,22,0%,15.64
新座市 工務店,0,22,0%,16.68
さいたま市中央区 工務店,0,22,0%,21.45
モデルハウス さいたま,0,22,0%,22
志木 工務店,0,22,0%,22.09
土地探し 注文住宅,0,22,0%,27.59
地下室 住宅展示場,0,22,0%,27.91
住宅展示場 志木市,0,22,0%,33.23
加須市 住宅展示場,0,22,0%,41.09
日高市 ハウスメーカー,0,22,0%,41.09
住宅 和風,0,22,0%,55
久留米 家づくり,0,22,0%,74.64
土地の探し方 裏ワザ,0,22,0%,98.73
アーキトレンド 住宅展示場,0,22,0%,102.64
上野動物園 フクロウ,0,21,0%,1
蕨住宅展示場,0,21,0%,5.05
埼玉 注文住宅 デザイン性 スタイル,0,21,0%,9
埼玉 工務店 収納,0,21,0%,9.81
床 暖房 デメリット,0,21,0%,10.1
蕨 工務店,0,21,0%,10.86
朝霞市 ハウスメーカー,0,21,0%,13.38
八千代 注文住宅,0,21,0%,14.05
埼玉 ハウスメーカー デザイン,0,21,0%,17.19
埼玉 注文住宅 おしゃれ スタイル,0,21,0%,17.62
野田市 住宅展示場,0,21,0%,18.24
工務店 所沢,0,21,0%,22.33
工務店 狭山,0,21,0%,22.52
北区 工務店,0,21,0%,38
住宅展示場 さいたま市緑区,0,21,0%,39.24
埼玉県 リフォーム,0,21,0%,46.19
工務店リフォーム,0,21,0%,55.48
土地探し 手順,0,21,0%,63.33
注文住宅 土地探し 選び方,0,21,0%,64.52
春日部市 住宅展示場,0,21,0%,83.62
木造新築住宅,0,20,0%,1
さいたま市気候,0,20,0%,3.15
外壁 リノベーション さいたま市,0,20,0%,4.45
埼玉 工務店 建築例,0,20,0%,4.75
埼玉 戸建て おしゃれ カスタマイズ,0,20,0%,8.95
埼玉 工務店 モデルハウス,0,20,0%,9.35
八村塁 家,0,20,0%,9.75
埼玉県 クールビズ,0,20,0%,10.2
行田 注文住宅,0,20,0%,10.75
kevala,0,20,0%,16.2
工務店 耐震,0,20,0%,21.15
さいたま市浦和区 注文住宅,0,20,0%,21.45
モデルハウス 和光市,0,20,0%,21.6
東松山 注文住宅,0,20,0%,22.9
工務店 上尾,0,20,0%,23.1
北本市 住宅展示場,0,20,0%,27.45
工務店 野田,0,20,0%,29.55
桶川 住宅展示場,0,20,0%,31.15
東村山市 ハウスメーカー,0,20,0%,32.4
リノベーション 埼玉,0,20,0%,40.85
展示場 埼玉,0,20,0%,43.85
埼玉県東松山市 木造住宅,0,20,0%,65.2
川口市 住宅展示場,0,20,0%,73.15
土地探し 決まらない,0,20,0%,80.5
local guide program,0,19,0%,1
蓄熱床暖房,0,19,0%,2.89
埼玉 ハウスメーカー 実例,0,19,0%,7.74
外装 リノベーション さいたま市,0,19,0%,11.16
川越市注文住宅,0,19,0%,11.53
東大和 注文住宅,0,19,0%,13.42
さいたま 市 リフォーム,0,19,0%,13.89
東大和市 住宅展示場,0,19,0%,14.89
さいたま 家づくり,0,19,0%,15.74
所沢市工務店,0,19,0%,16.84
リフォーム 工務店 さいたま市,0,19,0%,17.05
工務店 上尾市,0,19,0%,17.32
幸手市 ハウスメーカー,0,19,0%,19.53
工務店 埼玉 デザイン,0,19,0%,21.37
注文住宅 川越,0,19,0%,24
埼玉 二世帯住宅,0,19,0%,24.32
岩槻 住宅展示場,0,19,0%,25.05
西東京市 住宅展示場,0,19,0%,25.58
新座 工務店,0,19,0%,25.63
注文住宅 展示場,0,19,0%,25.74
八千代市 住宅会社 エリア,0,19,0%,25.79
平屋 雑誌,0,19,0%,26.47
日高市 住宅展示場,0,19,0%,28.11
鶴ヶ島 工務店,0,19,0%,28.63
春日部 工務店,0,19,0%,29.37
西区 注文住宅,0,19,0%,33.47
平屋 を建てるまで,0,19,0%,34.79
所沢 工務店,0,19,0%,35.58
鴻巣市 住宅展示場,0,19,0%,40
鶴ヶ島市 住宅展示場,0,19,0%,70.58
川越 工務店 注文住宅 違い,0,19,0%,71.84
suumo 雑誌,0,18,0%,5.44
体感ください,0,18,0%,6.22
さいたま 二世帯住宅,0,18,0%,7.67
あいこうむてん,0,18,0%,10.28
柏市 工務店 おしゃれ,0,18,0%,10.94
床暖房の仕組み,0,18,0%,12.06
工務店 桶川市,0,18,0%,14.06
工務店 和風,0,18,0%,14.11
埼玉 工務店 おすすめ,0,18,0%,14.33
工務店 志木市,0,18,0%,15.83
幸手 注文住宅,0,18,0%,16.5
東松山市 工務店,0,18,0%,18.33
屋根 リノベーション さいたま市,0,18,0%,19.94
埼玉 工務店 料金,0,18,0%,21.17
モデルハウス 飯能市,0,18,0%,21.72
川越 工務店 注文住宅 打ち合わせ,0,18,0%,22.06
工務店 富士見市,0,18,0%,23.17
埼玉 住宅メーカー,0,18,0%,31.22
さいたま市見沼区 住宅展示場,0,18,0%,31.28
川越市 ハウスメーカー,0,18,0%,32.28
工務店 おしゃれ,0,18,0%,44.61
七尾市 工務店,0,18,0%,51.72
平屋 新築,0,17,0%,1
床暖の仕組み,0,17,0%,2.59
さいたま市北区 モデルハウス,0,17,0%,5.29
工務店 モデルハウス 埼玉,0,17,0%,5.76
埼玉 工務店 設計,0,17,0%,5.94
埼玉県 注文住宅 工務店,0,17,0%,6.53
工務店 戸田市,0,17,0%,7
埼玉 工務店 実例,0,17,0%,7.18
注文住宅 埼玉 間取り,0,17,0%,7.82
埼玉 注文住宅 事例,0,17,0%,8.41
注文住宅 工務店 埼玉,0,17,0%,9.06
注文住宅 埼玉 平屋,0,17,0%,12
注文住宅 久喜市,0,17,0%,12.71
住宅展示場 東久留米市,0,17,0%,14.88
宮代町 注文住宅,0,17,0%,15.76
さいたま市住宅メーカー,0,17,0%,16.41
二世帯住宅 工務店,0,17,0%,16.65
注文住宅 坂戸,0,17,0%,16.65
草加市 工務店,0,17,0%,17
富士見 注文住宅,0,17,0%,17.59
埼玉県 ハウスメーカー,0,17,0%,18.94
工務店 二世帯住宅,0,17,0%,19
注文住宅 東村山,0,17,0%,19.24
八千代 工務店,0,17,0%,19.47
入間市 住宅展示場,0,17,0%,21.59
朝霞 住宅,0,17,0%,22.41
モデルハウス 志木市,0,17,0%,22.65
工務店 入間市,0,17,0%,22.71
自由設計 埼玉,0,17,0%,23.59
ふじみ野市 住宅展示場,0,17,0%,25.71
川口市 工務店 ランキング,0,17,0%,26.82
住宅展示場 入間,0,17,0%,27.65
住宅展示場 西東京市,0,17,0%,29.06
マイホーム 工務店,0,17,0%,30.29
埼玉 工務店 価格,0,17,0%,32.47
八潮市 工務店,0,17,0%,32.65
工務店 マイホーム,0,17,0%,33.24
耐震等級3,0,17,0%,38.29
柏市 工務店 値段,0,17,0%,38.94
久喜市 ハウスメーカー,0,17,0%,39.35
モデルハウス 朝霞市,0,17,0%,44.88
子育て 住宅,0,17,0%,91.06
工務店 施工例,0,16,0%,4.56
埼玉 注文住宅 デザイン,0,16,0%,5.44
埼玉 注文住宅 間取り,0,16,0%,5.5
川口市 平屋 新築,0,16,0%,6
屋上庭園,0,16,0%,6.19
工務店 さいたま市北区,0,16,0%,7.69
ハウスメーカー 上尾市,0,16,0%,8.69
工務店 蕨市,0,16,0%,10.44
さいたま市土地探し,0,16,0%,11
シンデレラフィット 意味,0,16,0%,11.69
注文住宅 久喜,0,16,0%,12.19
埼玉 ハウスメーカー 制震,0,16,0%,13.38
埼玉 工務店 平屋,0,16,0%,13.75
注文住宅 川越市,0,16,0%,13.88
東大和市 ハウスメーカー,0,16,0%,14.31
東久留米 住宅展示場,0,16,0%,14.81
岩槻区 工務店,0,16,0%,16.5
浦和 住宅展示場,0,16,0%,18.44
市工務店,0,16,0%,20.12
工務店 住宅展示場,0,16,0%,20.69
埼玉 ハウスメーカー おしゃれ,0,16,0%,21.31
所沢市 工務店,0,16,0%,24.38
久喜市 モデルハウス,0,16,0%,24.56
埼玉 モデルハウス,0,16,0%,25.62
坂戸市 工務店,0,16,0%,25.81
家づくり 工務店,0,16,0%,26
八千代市 注文住宅 気密,0,16,0%,29.25
伊奈 住宅,0,16,0%,29.62
住宅展示場 ふじみ野,0,16,0%,30.62
川口市 工務店 評判,0,16,0%,40
住宅展示場 狭山市,0,16,0%,48.56
戸田市 ハウスメーカー,0,16,0%,65.44
注文住宅 埼玉県富士見市,0,15,0%,3.4
suumo 注文住宅 雑誌,0,15,0%,4.33
和光 注文住宅,0,15,0%,5.4
注文住宅 野田,0,15,0%,7
埼玉 戸建て 平屋 耐震性,0,15,0%,7.87
さいたま市 工務店 おすすめ,0,15,0%,8.4
埼玉 リフォーム おしゃれ,0,15,0%,8.8
住宅 リフォーム さいたま市,0,15,0%,9.13
埼玉工務店,0,15,0%,9.47
048 729 7350,0,15,0%,9.8
埼玉 ハウスメーカー 収納,0,15,0%,9.87
工務店 松戸市,0,15,0%,9.93
工務店 東大和市,0,15,0%,10.2
工務店 東久留米市,0,15,0%,10.8
注文住宅 セミナー,0,15,0%,11.07
リフォーム さいたま,0,15,0%,11.87
さいたま モデルハウス,0,15,0%,11.93
東大和 住宅展示場,0,15,0%,15.4
さいたま市桜区 工務店,0,15,0%,15.6
工務店 大宮,0,15,0%,15.73
西東京市 ハウスメーカー,0,15,0%,16.07
所沢 ハウスメーカー,0,15,0%,18.6
資料請求 工務店,0,15,0%,19.87
飯能 住宅展示場,0,15,0%,19.93
埼玉 工務店 費用,0,15,0%,20.73
工務店 新座市,0,15,0%,21.27
坂戸市 住宅展示場,0,15,0%,22.4
浦和区 住宅展示場,0,15,0%,24.8
清瀬 工務店,0,15,0%,25.4
埼玉 注文住宅 人気,0,15,0%,25.53
戸田 住宅展示場,0,15,0%,28.53
工務店 久喜,0,15,0%,29.33
所沢 工務店 ランキング,0,15,0%,30.8
和の家,0,15,0%,33.33
工務店 蓮田市,0,15,0%,33.87
さいたま市南区 住宅展示場,0,15,0%,35.07
鶴ヶ島市 工務店,0,15,0%,35.53
キッチン リフォーム さいたま市,0,15,0%,96.67
埼玉 平屋 注文住宅,0,14,0%,6.36
埼玉 風強い なぜ,0,14,0%,7.43
注文住宅 会社 埼玉,0,14,0%,8
床暖房メリット,0,14,0%,8.64
上尾 ハウスメーカー,0,14,0%,10.07
土地 探し 方法,0,14,0%,11
ハウスメーカー さいたま,0,14,0%,13.14
土地 探し 方,0,14,0%,14
清瀬 住宅展示場,0,14,0%,14.29
埼玉 工務店 デザイン,0,14,0%,14.71
リノベーション さいたま,0,14,0%,15.43
埼玉 工務店 人気,0,14,0%,15.64
工務店 鴻巣市,0,14,0%,15.93
耐震 工務店,0,14,0%,17
埼玉 工務店 見学会,0,14,0%,18.29
二世帯住宅 屋上,0,14,0%,18.93
行田市 住宅展示場,0,14,0%,20.36
日高市 工務店,0,14,0%,21.57
リビング リノベーション 埼玉,0,14,0%,22.29
北本市 ハウスメーカー,0,14,0%,22.29
工務店 zeh,0,14,0%,23.14
注文住宅 埼玉 人気,0,14,0%,23.29
埼玉 工務店 一覧,0,14,0%,25.43
戸田市 住宅展示場,0,14,0%,26.64
工務店 写真,0,14,0%,26.93
マイホーム 資料請求,0,14,0%,27
住宅展示場 工務店,0,14,0%,27.07
ふじみ野市 工務店,0,14,0%,27.93
和光 工務店,0,14,0%,28.07
長期優良住宅 工務店,0,14,0%,29.14
工務店 埼玉 ランキング,0,14,0%,29.29
浦和 住宅,0,14,0%,29.29
ふじみ野 工務店,0,14,0%,29.5
埼玉 工務店 総額,0,14,0%,30.64
注文住宅 八潮,0,14,0%,31.14
埼玉 自由設計,0,14,0%,32
注文住宅 おしゃれ 工務店,0,14,0%,32.29
工務店 川越,0,14,0%,33.64
北区 ハウスメーカー,0,14,0%,34.36
モデルハウス 川口市,0,14,0%,35.57
住宅展示場 ふじみ野市,0,14,0%,36.5
注文住宅 土地 探し,0,14,0%,37.21
リノベーション 工務 店,0,14,0%,38.43
埼玉県 住宅展示場,0,14,0%,44
工務店 和モダン,0,14,0%,44.36
上野動物園 タカ,0,13,0%,3
注文住宅 入間,0,13,0%,4.62
埼玉 注文住宅 高級,0,13,0%,4.77
戸建て リノベーション さいたま市,0,13,0%,6.38
くろさわ,0,13,0%,6.69
注文住宅 さいたま市北区,0,13,0%,7.46
南区 注文住宅,0,13,0%,10.69
家づくり 埼玉,0,13,0%,10.77
さいたま市 住宅ローン 相談,0,13,0%,10.92
工務店 川口市,0,13,0%,11.85
インスタライブ 告知,0,13,0%,12.92
マイホーム 埼玉,0,13,0%,15.46
工務店 西東京市,0,13,0%,17.92
注文住宅 東村山市,0,13,0%,18.92
岩槻 工務店,0,13,0%,21.08
注文住宅 東松山市,0,13,0%,21.15
注文住宅 鶴ヶ島,0,13,0%,21.54
工務店 埼玉 人気,0,13,0%,22.31
埼玉アパート建築,0,13,0%,23.62
注文住宅 埼玉 相談,0,13,0%,24.15
入間 住宅展示場,0,13,0%,24.23
モデルハウス 加須市,0,13,0%,25.69
住宅展示場 地下室,0,13,0%,27.08
埼玉県 モデルハウス,0,13,0%,28.92
埼玉 住宅公園,0,13,0%,29.85
工務店 展示場,0,13,0%,31.92
注文住宅 八潮市,0,13,0%,33.54
幸手市 工務店,0,13,0%,35.15
住宅展示場 モデルハウス,0,13,0%,36.31
高級 工務店,0,13,0%,36.62
越谷 工務店,0,13,0%,37.08
太陽光発電 工務店,0,13,0%,39.23
埼玉 住宅見学会,0,13,0%,39.54
工務店 太陽光発電,0,13,0%,40.69
久喜 住みやすい,0,13,0%,42.69
高断熱 工務店,0,13,0%,43.69
工務店 坂戸市,0,13,0%,46.08
注文住宅 常陸大宮市,0,13,0%,81.08
住宅展示場 大和市,0,13,0%,89.31
アーバンホット デメリット,0,12,0%,1
黒澤隆,0,12,0%,3.58
さいたま市 クールビズ,0,12,0%,4.42
della casa,0,12,0%,5.42
注文住宅 さいたま市見沼区,0,12,0%,6.75
床暖とは,0,12,0%,7.83
open houses,0,12,0%,8.67
二世帯住宅 さいたま,0,12,0%,8.92
土地探し方,0,12,0%,10.08
ハウスメーカー 川口市,0,12,0%,11.33
屋上庭園のある家,0,12,0%,11.42
埼玉 ハウスメーカー 見積もり,0,12,0%,13.5
埼玉 注文住宅 ガレージ,0,12,0%,13.5
埼玉 戸建て 平屋 子育て,0,12,0%,13.67
野田 住宅展示場,0,12,0%,13.75
注文住宅 狭山市,0,12,0%,15.5
工務店 埼玉 おしゃれ,0,12,0%,15.75
子育てエコホーム支援事業 2024,0,12,0%,17.42
注文住宅 幸手市,0,12,0%,17.92
注文住宅 東松山,0,12,0%,19
注文住宅 鶴ヶ島市,0,12,0%,20
工務店 清瀬市,0,12,0%,20.25
和光市 ローコスト住宅,0,12,0%,20.42
モデルハウス ふじみ野市,0,12,0%,21.67
さいたま市緑区 住宅展示場,0,12,0%,21.83
さいたま市岩槻区 注文住宅,0,12,0%,23.67
埼玉 工務店 坪単価,0,12,0%,24.5
工務店 加須市,0,12,0%,24.67
入間市 住宅 相談,0,12,0%,25.08
ふじみ野市 ハウスメーカー,0,12,0%,25.42
東大和市 住宅 相談,0,12,0%,25.67
リフォーム 業者 さいたま,0,12,0%,25.83
さいたま リノベーション,0,12,0%,26.75
八潮 注文住宅,0,12,0%,27.5
台所 リノベーション さいたま市,0,12,0%,28.08
一軒家 リフォーム 埼玉,0,12,0%,28.75
八千代市 注文 住宅 費用,0,12,0%,28.75
住宅展示場 坂戸市,0,12,0%,30.33
飯能市 住宅 相談,0,12,0%,30.83
川越工務店,0,12,0%,30.92
埼玉 工務店 評判,0,12,0%,32
注文住宅 価格 東松山市,0,12,0%,32.33
住宅 工務店,0,12,0%,33.5
和風 ハウスメーカー,0,12,0%,35.33
鴻巣 住宅展示場,0,12,0%,35.67
工務店 埼玉 価格,0,12,0%,36.83
さいたま 住宅展示場,0,12,0%,38.17
埼玉 工務店 相場,0,12,0%,38.75
工務店 長期優良住宅,0,12,0%,39.5
緑区 ハウスメーカー,0,12,0%,40.83
住宅展示場 加須市,0,12,0%,40.92
完成見学会 埼玉,0,12,0%,41
上尾市 住宅展示場,0,12,0%,42.25
野球観戦 ベンチ,0,12,0%,43.5
埼玉 ハウスメーカー 総額,0,12,0%,43.58
アイ工務店 zeh,0,12,0%,45.33
モデルハウス 草加市,0,12,0%,89.67
夜景 モノクロ,0,11,0%,1.55
住宅 雑誌,0,11,0%,2.09
デラカーサ,0,11,0%,5.45
近くの注文住宅,0,11,0%,6.18
家づくり ブログ,0,11,0%,6.73
和風邸宅,0,11,0%,7.45
noimg,0,11,0%,9.36
さいたま市大宮区 工務店,0,11,0%,9.73
柏市 工務店 デザイン,0,11,0%,10.82
床暖房 効果,0,11,0%,11.64
埼玉 ハウスメーカー 資料請求,0,11,0%,12.18
さいたま市南区 注文住宅,0,11,0%,12.64
柏市 工務店 設計,0,11,0%,13.91
工務店 行田市,0,11,0%,14.18
ハウスメーカー 松戸市,0,11,0%,14.27
住宅展示場 野田,0,11,0%,14.73
蕨市 住宅 相談,0,11,0%,15
株式会社 黒澤工務店 評判,0,11,0%,16.45
住宅 リフォーム さいたま,0,11,0%,17.18
二世帯住宅 埼玉県,0,11,0%,17.55
住宅 岩槻,0,11,0%,18
注文住宅 幸手,0,11,0%,18.64
行田市 ハウスメーカー,0,11,0%,19.27
工務店 狭山市,0,11,0%,19.73
ハウスメーカー 埼玉県,0,11,0%,19.91
工務店 西東京,0,11,0%,19.91
東大和市 モデルハウス,0,11,0%,20.64
伊奈 注文住宅,0,11,0%,21.36
埼玉 注文住宅 モデルハウス,0,11,0%,22.09
埼玉 注文住宅 相談,0,11,0%,22.82
西東京 工務店,0,11,0%,24.09
注文住宅 春日部市,0,11,0%,24.73
久喜 工務店,0,11,0%,24.91
モデルハウス 展示場,0,11,0%,25.18
住宅公園 埼玉,0,11,0%,25.18
埼玉 注文住宅 展示場,0,11,0%,25.91
工務店 所沢市,0,11,0%,26.18
狭山 工務店,0,11,0%,26.36
川越市 注文住宅 価格,0,11,0%,27.73
工務店 鶴ヶ島市,0,11,0%,28.27
住宅 上尾,0,11,0%,28.64
注文住宅 中央区,0,11,0%,28.82
注文住宅 埼玉 見学会,0,11,0%,29
真規家工務店,0,11,0%,30.09
住宅展示場 坂戸,0,11,0%,30.82
和光市 住宅 相談,0,11,0%,32.64
川越 工務店 ランキング,0,11,0%,33.09
浦和住宅展示場miraizu,0,11,0%,33.45
西東京市 工務店 一覧,0,11,0%,33.64
展示場 さいたま市,0,11,0%,34.73
耐震 注文住宅,0,11,0%,35
戸田市 住宅 相談,0,11,0%,35.09
和風 住宅メーカー,0,11,0%,35.82
住宅展示場 鴻巣,0,11,0%,37.36
工務店 埼玉 相場,0,11,0%,37.45
リフォーム 浦和区,0,11,0%,39.18
子育てエコホーム支援事業 補助金額,0,11,0%,39.64
モデルハウス 狭山市,0,11,0%,41.45
埼玉 完成見学会,0,11,0%,42.64
住宅展示場 上尾市,0,11,0%,43.91
埼玉 展示場,0,11,0%,47
越谷 注文住宅,0,11,0%,48.73
七尾市 ハウスメーカー,0,11,0%,50.36
埼玉 アメリカンハウス 施工事例 業者,0,11,0%,59.27
草加市 賃貸,0,11,0%,71.18
しぜんかいわい,0,10,0%,3.5
suumo注文住宅雑誌,0,10,0%,4.9
黒崎工務店,0,10,0%,5.6
耐震等級3 工務店,0,10,0%,5.9
注文住宅 ふじみ野,0,10,0%,10.1
さいたま市緑区 注文住宅,0,10,0%,11.8
工務店 サイト,0,10,0%,13.5
東久留米市 ローコスト住宅,0,10,0%,14.5
西東京市 モデルハウス,0,10,0%,16.4
さいたま市西区 注文住宅,0,10,0%,17.4
埼玉 工務店 値段,0,10,0%,19.2
さいたま市中央区 注文住宅,0,10,0%,19.4
北本 住宅展示場,0,10,0%,20.2
越生 結婚式,0,10,0%,21.2
住宅 大宮,0,10,0%,21.5
工務店 新座,0,10,0%,21.5
工務店 幸手,0,10,0%,21.6
緑区 住宅展示場,0,10,0%,21.7
さいたま市西区 モデルハウス,0,10,0%,22
住宅展示場 緑区,0,10,0%,24.8
ふじみ野 住宅展示場,0,10,0%,27
ハウスメディアさいたま,0,10,0%,27.2
土地探し さいたま市,0,10,0%,27.7
工務店 川越市,0,10,0%,28.9
マンション リフォーム さいたま,0,10,0%,29.2
工務店 家づくり,0,10,0%,31.4
ハウスメーカー 川越市,0,10,0%,32.9
住宅 浦和,0,10,0%,32.9
マンション リフォーム 浦和,0,10,0%,33.2
木造住宅 工務店,0,10,0%,33.2
屋上のある家 ハウスメーカー,0,10,0%,34.2
工務店 ビルトインガレージ,0,10,0%,34.5
行田 住宅展示場,0,10,0%,34.5
住宅展示場 さいたま,0,10,0%,38.7
住宅展示場 行田市,0,10,0%,39.3
川越 ハウスメーカー,0,10,0%,40.1